name,mean,std,time_elapsed
TTS,9833.900390625,0.0,530.2241315841675
