{"hidden_size_0": 51, "hidden_size_1": 52, "hidden_size_2": 98, "activation": "sigmoid", "dropout_p": 0.2806385987847481, "lr": 0.020554245520150755, "batch_size": 128, "weight_decay": 0.00013731092468240313}