seed,test_loss
191664963,539.1553344726562
1662057957,683.6337890625
1405681631,767.1807861328125
942484272,651.4523315429688
929893137,720.1425170898438
