name,mean,std,time_elapsed
TTS,2.9184699058532715,0.0,330.86792516708374
