{"hidden_size_0": 91, "hidden_size_1": 94, "hidden_size_2": 72, "activation": "relu", "dropout_p": 0.32550441629442534, "lr": 0.021788520403762474, "batch_size": 128, "weight_decay": 0.01092187013654958}