seed,test_loss
191664963,10458.94921875
1662057957,10440.2099609375
1405681631,10439.1484375
