name,mean,std,time_elapsed
TTS,0.07514214515686035,0.0,401.842431306839
