name,mean,std,time_elapsed
TTS,0.10696538537740707,0.0,83.38403820991516
