name,mean,std,time_elapsed
TTS,748.2396850585938,0.0,7035.3240513801575
