name,mean,std,time_elapsed
TTS,663.2056884765625,0.0,5620.83179807663
