name,mean,std,time_elapsed
TTS,17.098018646240234,0.0,462.62124371528625
