name,mean,std,time_elapsed
TTS,3.72076416015625,0.0,367.99239015579224
