name,mean,std,time_elapsed
TTS,16.5855770111084,0.0,233.53355717658997
