name,mean,std,time_elapsed
TTS,18.15924644470215,0.0,72359.15982866287
