name,mean,std,time_elapsed
TTS,0.10746190696954727,0.0,341.2121911048889
