name,mean,std,time_elapsed
TTS,672.3129516601563,76.91794484116274,15117.373408317566
