name,mean,std,time_elapsed
TTS,10446.1025390625,9.094305626673183,11.616240978240967
