name,mean,std,time_elapsed
TTS,539.1553344726562,0.0,15177.348649978638
